date,69d67485740f44669238dce3:69d5258326e89ce8aed89b36,69d67485740f44669238dce3:69d5258f26e89ce8aed89b37,69d67485740f44669238dce3:69d5259726e89ce8aed89b38,69d67485740f44669238dce3:69d525b326e89ce8aed89b3a,69d67485740f44669238dce3:69d525bd26e89ce8aed89b3b,69d67485740f44669238dce3:69d525ca26e89ce8aed89b3c,69d67485740f44669238dce3:69d525d526e89ce8aed89b3d,69d67485740f44669238dce3:69d525df26e89ce8aed89b3e,69d67485740f44669238dce4:69d5258326e89ce8aed89b36,69d67485740f44669238dce4:69d5258f26e89ce8aed89b37,69d67485740f44669238dce4:69d5259726e89ce8aed89b38,69d67485740f44669238dce4:69d525b326e89ce8aed89b3a,69d67485740f44669238dce4:69d525bd26e89ce8aed89b3b,69d67485740f44669238dce4:69d525ca26e89ce8aed89b3c,69d67485740f44669238dce4:69d525d526e89ce8aed89b3d,69d67485740f44669238dce4:69d525df26e89ce8aed89b3e,69d674a4740f44669238e14c:69d5258326e89ce8aed89b36,69d674a4740f44669238e14c:69d5258f26e89ce8aed89b37,69d674a4740f44669238e14c:69d5259726e89ce8aed89b38,69d674a4740f44669238e14c:69d525b326e89ce8aed89b3a,69d674a4740f44669238e14c:69d525bd26e89ce8aed89b3b,69d674a4740f44669238e14c:69d525ca26e89ce8aed89b3c,69d674a4740f44669238e14c:69d525d526e89ce8aed89b3d,69d674a4740f44669238e14c:69d525df26e89ce8aed89b3e,69d674a4740f44669238e14d:69d5258326e89ce8aed89b36,69d674a4740f44669238e14d:69d5258f26e89ce8aed89b37,69d674a4740f44669238e14d:69d5259726e89ce8aed89b38,69d674a4740f44669238e14d:69d525b326e89ce8aed89b3a,69d674a4740f44669238e14d:69d525bd26e89ce8aed89b3b,69d674a4740f44669238e14d:69d525ca26e89ce8aed89b3c,69d674a4740f44669238e14d:69d525d526e89ce8aed89b3d,69d674a4740f44669238e14d:69d525df26e89ce8aed89b3e,69d6750d740f4466923909c9:69d5258f26e89ce8aed89b37,69d6750d740f4466923909c9:69d5259726e89ce8aed89b38,69d6750d740f4466923909c9:69d525b326e89ce8aed89b3a,69d6750d740f4466923909c9:69d525bd26e89ce8aed89b3b,69d6750d740f4466923909c9:69d525ca26e89ce8aed89b3c,69d6750d740f4466923909c9:69d525d526e89ce8aed89b3d,69d6750d740f4466923909c9:69d525df26e89ce8aed89b3e,69d6750d740f4466923909ca:69d5258f26e89ce8aed89b37,69d6750d740f4466923909ca:69d5259726e89ce8aed89b38,69d6750d740f4466923909ca:69d525b326e89ce8aed89b3a,69d6750d740f4466923909ca:69d525bd26e89ce8aed89b3b,69d6750d740f4466923909ca:69d525ca26e89ce8aed89b3c,69d6750d740f4466923909ca:69d525d526e89ce8aed89b3d,69d6750d740f4466923909ca:69d525df26e89ce8aed89b3e,69d6750d740f4466923909d6:69d5258f26e89ce8aed89b37,69d6750d740f4466923909d6:69d5259726e89ce8aed89b38,69d6750d740f4466923909d6:69d525b326e89ce8aed89b3a,69d6750d740f4466923909d6:69d525bd26e89ce8aed89b3b,69d6750d740f4466923909d6:69d525ca26e89ce8aed89b3c,69d6750d740f4466923909d6:69d525d526e89ce8aed89b3d,69d6750d740f4466923909d6:69d525df26e89ce8aed89b3e,69d6750d740f4466923909d7:69d5258f26e89ce8aed89b37,69d6750d740f4466923909d7:69d5259726e89ce8aed89b38,69d6750d740f4466923909d7:69d525b326e89ce8aed89b3a,69d6750d740f4466923909d7:69d525bd26e89ce8aed89b3b,69d6750d740f4466923909d7:69d525ca26e89ce8aed89b3c,69d6750d740f4466923909d7:69d525d526e89ce8aed89b3d,69d6750d740f4466923909d7:69d525df26e89ce8aed89b3e,69d67485740f44669238dce8:69d5258326e89ce8aed89b36,69d67485740f44669238dce8:69d5258f26e89ce8aed89b37,69d67485740f44669238dce8:69d5259726e89ce8aed89b38,69d67485740f44669238dce8:69d525b326e89ce8aed89b3a,69d67485740f44669238dce8:69d525bd26e89ce8aed89b3b,69d67485740f44669238dce8:69d525ca26e89ce8aed89b3c,69d67485740f44669238dce8:69d525d526e89ce8aed89b3d,69d67485740f44669238dce8:69d525df26e89ce8aed89b3e,69d67485740f44669238dce9:69d5258326e89ce8aed89b36,69d67485740f44669238dce9:69d5258f26e89ce8aed89b37,69d67485740f44669238dce9:69d5259726e89ce8aed89b38,69d67485740f44669238dce9:69d525b326e89ce8aed89b3a,69d67485740f44669238dce9:69d525bd26e89ce8aed89b3b,69d67485740f44669238dce9:69d525ca26e89ce8aed89b3c,69d67485740f44669238dce9:69d525d526e89ce8aed89b3d,69d67485740f44669238dce9:69d525df26e89ce8aed89b3e,69d674a4740f44669238e15d:69d5258f26e89ce8aed89b37,69d674a4740f44669238e15d:69d5259726e89ce8aed89b38,69d674a4740f44669238e15d:69d525b326e89ce8aed89b3a,69d674a4740f44669238e15d:69d525bd26e89ce8aed89b3b,69d674a4740f44669238e15d:69d525ca26e89ce8aed89b3c,69d674a4740f44669238e15d:69d525d526e89ce8aed89b3d,69d674a4740f44669238e15d:69d525df26e89ce8aed89b3e,69d674a4740f44669238e15e:69d5258f26e89ce8aed89b37,69d674a4740f44669238e15e:69d5259726e89ce8aed89b38,69d674a4740f44669238e15e:69d525b326e89ce8aed89b3a,69d674a4740f44669238e15e:69d525bd26e89ce8aed89b3b,69d674a4740f44669238e15e:69d525ca26e89ce8aed89b3c,69d674a4740f44669238e15e:69d525d526e89ce8aed89b3d,69d674a4740f44669238e15e:69d525df26e89ce8aed89b3e,69d6750d740f4466923909f4:69d525b326e89ce8aed89b3a,69d6750d740f4466923909f4:69d525bd26e89ce8aed89b3b,69d6750d740f4466923909f4:69d525ca26e89ce8aed89b3c,69d6750d740f4466923909f4:69d525d526e89ce8aed89b3d,69d6750d740f4466923909f4:69d525df26e89ce8aed89b3e,69d6750d740f4466923909f5:69d525b326e89ce8aed89b3a,69d6750d740f4466923909f5:69d525bd26e89ce8aed89b3b,69d6750d740f4466923909f5:69d525ca26e89ce8aed89b3c,69d6750d740f4466923909f5:69d525d526e89ce8aed89b3d,69d6750d740f4466923909f5:69d525df26e89ce8aed89b3e,TOTAL_LBS,69d67485740f44669238dce3:69d5258326e89ce8aed89b36_pct,69d67485740f44669238dce3:69d5258f26e89ce8aed89b37_pct,69d67485740f44669238dce3:69d5259726e89ce8aed89b38_pct,69d67485740f44669238dce3:69d525b326e89ce8aed89b3a_pct,69d67485740f44669238dce3:69d525bd26e89ce8aed89b3b_pct,69d67485740f44669238dce3:69d525ca26e89ce8aed89b3c_pct,69d67485740f44669238dce3:69d525d526e89ce8aed89b3d_pct,69d67485740f44669238dce3:69d525df26e89ce8aed89b3e_pct,69d67485740f44669238dce4:69d5258326e89ce8aed89b36_pct,69d67485740f44669238dce4:69d5258f26e89ce8aed89b37_pct,69d67485740f44669238dce4:69d5259726e89ce8aed89b38_pct,69d67485740f44669238dce4:69d525b326e89ce8aed89b3a_pct,69d67485740f44669238dce4:69d525bd26e89ce8aed89b3b_pct,69d67485740f44669238dce4:69d525ca26e89ce8aed89b3c_pct,69d67485740f44669238dce4:69d525d526e89ce8aed89b3d_pct,69d67485740f44669238dce4:69d525df26e89ce8aed89b3e_pct,69d674a4740f44669238e14c:69d5258326e89ce8aed89b36_pct,69d674a4740f44669238e14c:69d5258f26e89ce8aed89b37_pct,69d674a4740f44669238e14c:69d5259726e89ce8aed89b38_pct,69d674a4740f44669238e14c:69d525b326e89ce8aed89b3a_pct,69d674a4740f44669238e14c:69d525bd26e89ce8aed89b3b_pct,69d674a4740f44669238e14c:69d525ca26e89ce8aed89b3c_pct,69d674a4740f44669238e14c:69d525d526e89ce8aed89b3d_pct,69d674a4740f44669238e14c:69d525df26e89ce8aed89b3e_pct,69d674a4740f44669238e14d:69d5258326e89ce8aed89b36_pct,69d674a4740f44669238e14d:69d5258f26e89ce8aed89b37_pct,69d674a4740f44669238e14d:69d5259726e89ce8aed89b38_pct,69d674a4740f44669238e14d:69d525b326e89ce8aed89b3a_pct,69d674a4740f44669238e14d:69d525bd26e89ce8aed89b3b_pct,69d674a4740f44669238e14d:69d525ca26e89ce8aed89b3c_pct,69d674a4740f44669238e14d:69d525d526e89ce8aed89b3d_pct,69d674a4740f44669238e14d:69d525df26e89ce8aed89b3e_pct,69d6750d740f4466923909c9:69d5258f26e89ce8aed89b37_pct,69d6750d740f4466923909c9:69d5259726e89ce8aed89b38_pct,69d6750d740f4466923909c9:69d525b326e89ce8aed89b3a_pct,69d6750d740f4466923909c9:69d525bd26e89ce8aed89b3b_pct,69d6750d740f4466923909c9:69d525ca26e89ce8aed89b3c_pct,69d6750d740f4466923909c9:69d525d526e89ce8aed89b3d_pct,69d6750d740f4466923909c9:69d525df26e89ce8aed89b3e_pct,69d6750d740f4466923909ca:69d5258f26e89ce8aed89b37_pct,69d6750d740f4466923909ca:69d5259726e89ce8aed89b38_pct,69d6750d740f4466923909ca:69d525b326e89ce8aed89b3a_pct,69d6750d740f4466923909ca:69d525bd26e89ce8aed89b3b_pct,69d6750d740f4466923909ca:69d525ca26e89ce8aed89b3c_pct,69d6750d740f4466923909ca:69d525d526e89ce8aed89b3d_pct,69d6750d740f4466923909ca:69d525df26e89ce8aed89b3e_pct,69d6750d740f4466923909d6:69d5258f26e89ce8aed89b37_pct,69d6750d740f4466923909d6:69d5259726e89ce8aed89b38_pct,69d6750d740f4466923909d6:69d525b326e89ce8aed89b3a_pct,69d6750d740f4466923909d6:69d525bd26e89ce8aed89b3b_pct,69d6750d740f4466923909d6:69d525ca26e89ce8aed89b3c_pct,69d6750d740f4466923909d6:69d525d526e89ce8aed89b3d_pct,69d6750d740f4466923909d6:69d525df26e89ce8aed89b3e_pct,69d6750d740f4466923909d7:69d5258f26e89ce8aed89b37_pct,69d6750d740f4466923909d7:69d5259726e89ce8aed89b38_pct,69d6750d740f4466923909d7:69d525b326e89ce8aed89b3a_pct,69d6750d740f4466923909d7:69d525bd26e89ce8aed89b3b_pct,69d6750d740f4466923909d7:69d525ca26e89ce8aed89b3c_pct,69d6750d740f4466923909d7:69d525d526e89ce8aed89b3d_pct,69d6750d740f4466923909d7:69d525df26e89ce8aed89b3e_pct,69d67485740f44669238dce8:69d5258326e89ce8aed89b36_pct,69d67485740f44669238dce8:69d5258f26e89ce8aed89b37_pct,69d67485740f44669238dce8:69d5259726e89ce8aed89b38_pct,69d67485740f44669238dce8:69d525b326e89ce8aed89b3a_pct,69d67485740f44669238dce8:69d525bd26e89ce8aed89b3b_pct,69d67485740f44669238dce8:69d525ca26e89ce8aed89b3c_pct,69d67485740f44669238dce8:69d525d526e89ce8aed89b3d_pct,69d67485740f44669238dce8:69d525df26e89ce8aed89b3e_pct,69d67485740f44669238dce9:69d5258326e89ce8aed89b36_pct,69d67485740f44669238dce9:69d5258f26e89ce8aed89b37_pct,69d67485740f44669238dce9:69d5259726e89ce8aed89b38_pct,69d67485740f44669238dce9:69d525b326e89ce8aed89b3a_pct,69d67485740f44669238dce9:69d525bd26e89ce8aed89b3b_pct,69d67485740f44669238dce9:69d525ca26e89ce8aed89b3c_pct,69d67485740f44669238dce9:69d525d526e89ce8aed89b3d_pct,69d67485740f44669238dce9:69d525df26e89ce8aed89b3e_pct,69d674a4740f44669238e15d:69d5258f26e89ce8aed89b37_pct,69d674a4740f44669238e15d:69d5259726e89ce8aed89b38_pct,69d674a4740f44669238e15d:69d525b326e89ce8aed89b3a_pct,69d674a4740f44669238e15d:69d525bd26e89ce8aed89b3b_pct,69d674a4740f44669238e15d:69d525ca26e89ce8aed89b3c_pct,69d674a4740f44669238e15d:69d525d526e89ce8aed89b3d_pct,69d674a4740f44669238e15d:69d525df26e89ce8aed89b3e_pct,69d674a4740f44669238e15e:69d5258f26e89ce8aed89b37_pct,69d674a4740f44669238e15e:69d5259726e89ce8aed89b38_pct,69d674a4740f44669238e15e:69d525b326e89ce8aed89b3a_pct,69d674a4740f44669238e15e:69d525bd26e89ce8aed89b3b_pct,69d674a4740f44669238e15e:69d525ca26e89ce8aed89b3c_pct,69d674a4740f44669238e15e:69d525d526e89ce8aed89b3d_pct,69d674a4740f44669238e15e:69d525df26e89ce8aed89b3e_pct,69d6750d740f4466923909f4:69d525b326e89ce8aed89b3a_pct,69d6750d740f4466923909f4:69d525bd26e89ce8aed89b3b_pct,69d6750d740f4466923909f4:69d525ca26e89ce8aed89b3c_pct,69d6750d740f4466923909f4:69d525d526e89ce8aed89b3d_pct,69d6750d740f4466923909f4:69d525df26e89ce8aed89b3e_pct,69d6750d740f4466923909f5:69d525b326e89ce8aed89b3a_pct,69d6750d740f4466923909f5:69d525bd26e89ce8aed89b3b_pct,69d6750d740f4466923909f5:69d525ca26e89ce8aed89b3c_pct,69d6750d740f4466923909f5:69d525d526e89ce8aed89b3d_pct,69d6750d740f4466923909f5:69d525df26e89ce8aed89b3e_pct
2026-04-17,0.0,0.0,0.0,0.0,0.0,0.0,0.0,0.0,0.0,0.0,0.0,0.0,0.0,0.0,0.0,0.0,30468.11,0.0,0.0,0.0,0.0,0.0,0.0,0.0,0.0,0.0,0.0,0.0,0.0,0.0,0.0,0.0,0.0,0.0,0.0,0.0,0.0,0.0,0.0,39254.81,56783.94,36929.4,6963.93,28630.86,12536.14,5250.1,0.0,0.0,0.0,0.0,0.0,0.0,0.0,0.0,0.0,0.0,0.0,0.0,0.0,0.0,0.0,0.0,0.0,0.0,0.0,0.0,0.0,0.0,0.0,0.0,0.0,0.0,0.0,0.0,0.0,0.0,0.0,0.0,0.0,0.0,0.0,0.0,0.0,0.0,0.0,0.0,0.0,0.0,0.0,0.0,0.0,41531.89,0.0,0.0,0.0,24000.0,0.0,0.0,0.0,0.0,282349.18,0.0,0.0,0.0,0.0,0.0,0.0,0.0,0.0,0.0,0.0,0.0,0.0,0.0,0.0,0.0,0.0,10.8,0.0,0.0,0.0,0.0,0.0,0.0,0.0,0.0,0.0,0.0,0.0,0.0,0.0,0.0,0.0,0.0,0.0,0.0,0.0,0.0,0.0,0.0,13.9,20.1,13.1,2.5,10.1,4.4,1.9,0.0,0.0,0.0,0.0,0.0,0.0,0.0,0.0,0.0,0.0,0.0,0.0,0.0,0.0,0.0,0.0,0.0,0.0,0.0,0.0,0.0,0.0,0.0,0.0,0.0,0.0,0.0,0.0,0.0,0.0,0.0,0.0,0.0,0.0,0.0,0.0,0.0,0.0,0.0,0.0,0.0,0.0,0.0,0.0,0.0,14.7,0.0,0.0,0.0,8.5,0.0,0.0,0.0,0.0
2026-04-18,0.0,0.0,0.0,0.0,0.0,0.0,0.0,0.0,0.0,0.0,0.0,0.0,0.0,0.0,0.0,0.0,30468.11,0.0,0.0,0.0,0.0,0.0,0.0,0.0,0.0,0.0,0.0,0.0,0.0,0.0,0.0,0.0,0.0,0.0,0.0,0.0,0.0,0.0,0.0,39254.81,56783.94,647.61,48495.82,28630.86,12536.14,0.0,0.0,0.0,0.0,0.0,0.0,0.0,0.0,0.0,0.0,0.0,0.0,0.0,0.0,0.0,0.0,0.0,0.0,0.0,0.0,0.0,0.0,0.0,0.0,0.0,0.0,0.0,0.0,0.0,0.0,0.0,0.0,0.0,0.0,0.0,0.0,0.0,0.0,0.0,0.0,0.0,0.0,0.0,0.0,0.0,36281.79,0.0,0.0,0.0,5250.1,24000.0,0.0,0.0,0.0,0.0,282349.18,0.0,0.0,0.0,0.0,0.0,0.0,0.0,0.0,0.0,0.0,0.0,0.0,0.0,0.0,0.0,0.0,10.8,0.0,0.0,0.0,0.0,0.0,0.0,0.0,0.0,0.0,0.0,0.0,0.0,0.0,0.0,0.0,0.0,0.0,0.0,0.0,0.0,0.0,0.0,13.9,20.1,0.2,17.2,10.1,4.4,0.0,0.0,0.0,0.0,0.0,0.0,0.0,0.0,0.0,0.0,0.0,0.0,0.0,0.0,0.0,0.0,0.0,0.0,0.0,0.0,0.0,0.0,0.0,0.0,0.0,0.0,0.0,0.0,0.0,0.0,0.0,0.0,0.0,0.0,0.0,0.0,0.0,0.0,0.0,0.0,0.0,0.0,0.0,0.0,0.0,12.8,0.0,0.0,0.0,1.9,8.5,0.0,0.0,0.0,0.0
2026-04-20,0.0,0.0,0.0,0.0,0.0,0.0,0.0,0.0,0.0,0.0,0.0,0.0,0.0,0.0,0.0,0.0,23504.18,0.0,0.0,0.0,0.0,0.0,0.0,0.0,6963.93,0.0,0.0,0.0,0.0,0.0,0.0,0.0,0.0,0.0,0.0,0.0,0.0,0.0,0.0,39254.81,56783.94,49143.43,0.0,28630.86,12536.14,0.0,0.0,0.0,0.0,0.0,0.0,0.0,0.0,0.0,0.0,0.0,0.0,0.0,0.0,0.0,0.0,0.0,0.0,0.0,0.0,0.0,0.0,0.0,0.0,0.0,0.0,0.0,0.0,0.0,0.0,0.0,0.0,0.0,0.0,0.0,0.0,0.0,0.0,0.0,0.0,0.0,0.0,0.0,0.0,0.0,0.0,48495.82,0.0,0.0,0.0,11785.97,0.0,0.0,0.0,5250.1,282349.18,0.0,0.0,0.0,0.0,0.0,0.0,0.0,0.0,0.0,0.0,0.0,0.0,0.0,0.0,0.0,0.0,8.3,0.0,0.0,0.0,0.0,0.0,0.0,0.0,2.5,0.0,0.0,0.0,0.0,0.0,0.0,0.0,0.0,0.0,0.0,0.0,0.0,0.0,0.0,13.9,20.1,17.4,0.0,10.1,4.4,0.0,0.0,0.0,0.0,0.0,0.0,0.0,0.0,0.0,0.0,0.0,0.0,0.0,0.0,0.0,0.0,0.0,0.0,0.0,0.0,0.0,0.0,0.0,0.0,0.0,0.0,0.0,0.0,0.0,0.0,0.0,0.0,0.0,0.0,0.0,0.0,0.0,0.0,0.0,0.0,0.0,0.0,0.0,0.0,0.0,0.0,17.2,0.0,0.0,0.0,4.2,0.0,0.0,0.0,1.9
2026-04-21,0.0,0.0,0.0,0.0,0.0,0.0,0.0,0.0,0.0,0.0,0.0,0.0,0.0,0.0,0.0,0.0,11070.6,0.0,0.0,0.0,0.0,0.0,0.0,0.0,19397.51,0.0,0.0,0.0,0.0,0.0,0.0,0.0,0.0,0.0,0.0,0.0,0.0,0.0,0.0,39254.81,56783.94,0.0,48495.82,28630.86,7933.65,5250.1,0.0,0.0,0.0,0.0,0.0,0.0,0.0,0.0,0.0,0.0,0.0,0.0,0.0,0.0,0.0,0.0,0.0,0.0,0.0,0.0,0.0,0.0,0.0,0.0,0.0,0.0,0.0,0.0,0.0,0.0,0.0,0.0,0.0,0.0,0.0,0.0,0.0,0.0,0.0,0.0,0.0,0.0,0.0,0.0,60929.4,0.0,0.0,0.0,0.0,0.0,0.0,0.0,4602.49,0.0,282349.18,0.0,0.0,0.0,0.0,0.0,0.0,0.0,0.0,0.0,0.0,0.0,0.0,0.0,0.0,0.0,0.0,3.9,0.0,0.0,0.0,0.0,0.0,0.0,0.0,6.9,0.0,0.0,0.0,0.0,0.0,0.0,0.0,0.0,0.0,0.0,0.0,0.0,0.0,0.0,13.9,20.1,0.0,17.2,10.1,2.8,1.9,0.0,0.0,0.0,0.0,0.0,0.0,0.0,0.0,0.0,0.0,0.0,0.0,0.0,0.0,0.0,0.0,0.0,0.0,0.0,0.0,0.0,0.0,0.0,0.0,0.0,0.0,0.0,0.0,0.0,0.0,0.0,0.0,0.0,0.0,0.0,0.0,0.0,0.0,0.0,0.0,0.0,0.0,0.0,0.0,21.6,0.0,0.0,0.0,0.0,0.0,0.0,0.0,1.6,0.0
2026-04-22,0.0,0.0,0.0,0.0,0.0,0.0,0.0,0.0,0.0,0.0,0.0,0.0,0.0,0.0,0.0,0.0,30468.11,0.0,0.0,0.0,0.0,0.0,0.0,0.0,0.0,0.0,0.0,0.0,0.0,0.0,0.0,0.0,0.0,0.0,0.0,0.0,0.0,0.0,0.0,39254.81,56783.94,36929.4,6963.93,28630.86,12536.14,5250.1,0.0,0.0,0.0,0.0,0.0,0.0,0.0,0.0,0.0,0.0,0.0,0.0,0.0,0.0,0.0,0.0,0.0,0.0,0.0,0.0,0.0,0.0,0.0,0.0,0.0,0.0,0.0,0.0,0.0,0.0,0.0,0.0,0.0,0.0,0.0,0.0,0.0,0.0,0.0,0.0,0.0,0.0,0.0,0.0,0.0,41531.89,0.0,0.0,0.0,24000.0,0.0,0.0,0.0,0.0,282349.18,0.0,0.0,0.0,0.0,0.0,0.0,0.0,0.0,0.0,0.0,0.0,0.0,0.0,0.0,0.0,0.0,10.8,0.0,0.0,0.0,0.0,0.0,0.0,0.0,0.0,0.0,0.0,0.0,0.0,0.0,0.0,0.0,0.0,0.0,0.0,0.0,0.0,0.0,0.0,13.9,20.1,13.1,2.5,10.1,4.4,1.9,0.0,0.0,0.0,0.0,0.0,0.0,0.0,0.0,0.0,0.0,0.0,0.0,0.0,0.0,0.0,0.0,0.0,0.0,0.0,0.0,0.0,0.0,0.0,0.0,0.0,0.0,0.0,0.0,0.0,0.0,0.0,0.0,0.0,0.0,0.0,0.0,0.0,0.0,0.0,0.0,0.0,0.0,0.0,0.0,0.0,14.7,0.0,0.0,0.0,8.5,0.0,0.0,0.0,0.0
2026-04-23,0.0,0.0,0.0,0.0,0.0,0.0,0.0,0.0,0.0,0.0,0.0,0.0,0.0,0.0,0.0,0.0,30468.11,0.0,0.0,0.0,0.0,0.0,0.0,0.0,0.0,0.0,0.0,0.0,0.0,0.0,0.0,0.0,0.0,0.0,0.0,0.0,0.0,0.0,0.0,39254.81,56783.94,60929.4,12214.03,4630.86,12536.14,0.0,0.0,0.0,0.0,0.0,0.0,0.0,0.0,0.0,0.0,0.0,0.0,0.0,0.0,0.0,0.0,0.0,0.0,0.0,0.0,0.0,0.0,0.0,0.0,0.0,0.0,0.0,0.0,0.0,0.0,0.0,0.0,0.0,0.0,0.0,0.0,0.0,0.0,0.0,0.0,0.0,0.0,0.0,0.0,0.0,0.0,36281.79,0.0,0.0,5250.1,0.0,0.0,24000.0,0.0,0.0,282349.18,0.0,0.0,0.0,0.0,0.0,0.0,0.0,0.0,0.0,0.0,0.0,0.0,0.0,0.0,0.0,0.0,10.8,0.0,0.0,0.0,0.0,0.0,0.0,0.0,0.0,0.0,0.0,0.0,0.0,0.0,0.0,0.0,0.0,0.0,0.0,0.0,0.0,0.0,0.0,13.9,20.1,21.6,4.3,1.6,4.4,0.0,0.0,0.0,0.0,0.0,0.0,0.0,0.0,0.0,0.0,0.0,0.0,0.0,0.0,0.0,0.0,0.0,0.0,0.0,0.0,0.0,0.0,0.0,0.0,0.0,0.0,0.0,0.0,0.0,0.0,0.0,0.0,0.0,0.0,0.0,0.0,0.0,0.0,0.0,0.0,0.0,0.0,0.0,0.0,0.0,0.0,12.8,0.0,0.0,1.9,0.0,0.0,8.5,0.0,0.0
2026-04-24,0.0,0.0,0.0,0.0,0.0,0.0,0.0,0.0,0.0,0.0,0.0,0.0,0.0,0.0,0.0,0.0,30468.11,0.0,0.0,0.0,0.0,0.0,0.0,0.0,0.0,0.0,0.0,0.0,0.0,0.0,0.0,0.0,0.0,0.0,0.0,0.0,0.0,0.0,0.0,39254.81,56783.94,60929.4,750.17,28630.86,0.0,0.0,0.0,0.0,0.0,0.0,0.0,0.0,0.0,0.0,0.0,0.0,0.0,0.0,0.0,0.0,0.0,0.0,0.0,0.0,0.0,0.0,0.0,0.0,0.0,0.0,0.0,0.0,0.0,0.0,0.0,0.0,0.0,0.0,0.0,0.0,0.0,0.0,0.0,0.0,0.0,0.0,0.0,0.0,0.0,0.0,0.0,23745.65,0.0,12536.14,5250.1,0.0,24000.0,0.0,0.0,0.0,282349.18,0.0,0.0,0.0,0.0,0.0,0.0,0.0,0.0,0.0,0.0,0.0,0.0,0.0,0.0,0.0,0.0,10.8,0.0,0.0,0.0,0.0,0.0,0.0,0.0,0.0,0.0,0.0,0.0,0.0,0.0,0.0,0.0,0.0,0.0,0.0,0.0,0.0,0.0,0.0,13.9,20.1,21.6,0.3,10.1,0.0,0.0,0.0,0.0,0.0,0.0,0.0,0.0,0.0,0.0,0.0,0.0,0.0,0.0,0.0,0.0,0.0,0.0,0.0,0.0,0.0,0.0,0.0,0.0,0.0,0.0,0.0,0.0,0.0,0.0,0.0,0.0,0.0,0.0,0.0,0.0,0.0,0.0,0.0,0.0,0.0,0.0,0.0,0.0,0.0,0.0,0.0,8.4,0.0,4.4,1.9,0.0,8.5,0.0,0.0,0.0
2026-04-25,0.0,0.0,0.0,0.0,0.0,0.0,0.0,0.0,0.0,0.0,0.0,0.0,0.0,0.0,0.0,0.0,6468.11,0.0,0.0,0.0,0.0,0.0,0.0,0.0,24000.0,0.0,0.0,0.0,0.0,0.0,0.0,0.0,0.0,0.0,0.0,0.0,0.0,0.0,0.0,39254.81,56783.94,43893.33,0.0,28630.86,12536.14,5250.1,0.0,0.0,0.0,0.0,0.0,0.0,0.0,0.0,0.0,0.0,0.0,0.0,0.0,0.0,0.0,0.0,0.0,0.0,0.0,0.0,0.0,0.0,0.0,0.0,0.0,0.0,0.0,0.0,0.0,0.0,0.0,0.0,0.0,0.0,0.0,0.0,0.0,0.0,0.0,0.0,0.0,0.0,0.0,0.0,17036.07,48495.82,0.0,0.0,0.0,0.0,0.0,0.0,0.0,0.0,282349.18,0.0,0.0,0.0,0.0,0.0,0.0,0.0,0.0,0.0,0.0,0.0,0.0,0.0,0.0,0.0,0.0,2.3,0.0,0.0,0.0,0.0,0.0,0.0,0.0,8.5,0.0,0.0,0.0,0.0,0.0,0.0,0.0,0.0,0.0,0.0,0.0,0.0,0.0,0.0,13.9,20.1,15.5,0.0,10.1,4.4,1.9,0.0,0.0,0.0,0.0,0.0,0.0,0.0,0.0,0.0,0.0,0.0,0.0,0.0,0.0,0.0,0.0,0.0,0.0,0.0,0.0,0.0,0.0,0.0,0.0,0.0,0.0,0.0,0.0,0.0,0.0,0.0,0.0,0.0,0.0,0.0,0.0,0.0,0.0,0.0,0.0,0.0,0.0,0.0,0.0,6.0,17.2,0.0,0.0,0.0,0.0,0.0,0.0,0.0,0.0
2026-04-27,0.0,0.0,0.0,0.0,0.0,0.0,0.0,0.0,0.0,0.0,0.0,0.0,0.0,0.0,0.0,0.0,19004.25,0.0,0.0,0.0,0.0,0.0,0.0,0.0,11463.86,0.0,0.0,0.0,0.0,0.0,0.0,0.0,0.0,0.0,0.0,0.0,0.0,0.0,0.0,39254.81,56783.94,36564.51,48495.82,0.0,0.0,5250.1,0.0,0.0,0.0,0.0,0.0,0.0,0.0,0.0,0.0,0.0,0.0,0.0,0.0,0.0,0.0,0.0,0.0,0.0,0.0,0.0,0.0,0.0,0.0,0.0,0.0,0.0,0.0,0.0,0.0,0.0,0.0,0.0,0.0,0.0,0.0,0.0,0.0,0.0,0.0,0.0,0.0,0.0,0.0,0.0,24364.89,0.0,28630.86,0.0,0.0,0.0,0.0,0.0,12536.14,0.0,282349.18,0.0,0.0,0.0,0.0,0.0,0.0,0.0,0.0,0.0,0.0,0.0,0.0,0.0,0.0,0.0,0.0,6.7,0.0,0.0,0.0,0.0,0.0,0.0,0.0,4.1,0.0,0.0,0.0,0.0,0.0,0.0,0.0,0.0,0.0,0.0,0.0,0.0,0.0,0.0,13.9,20.1,13.0,17.2,0.0,0.0,1.9,0.0,0.0,0.0,0.0,0.0,0.0,0.0,0.0,0.0,0.0,0.0,0.0,0.0,0.0,0.0,0.0,0.0,0.0,0.0,0.0,0.0,0.0,0.0,0.0,0.0,0.0,0.0,0.0,0.0,0.0,0.0,0.0,0.0,0.0,0.0,0.0,0.0,0.0,0.0,0.0,0.0,0.0,0.0,0.0,8.6,0.0,10.1,0.0,0.0,0.0,0.0,0.0,4.4,0.0
2026-04-28,0.0,0.0,0.0,0.0,0.0,0.0,0.0,0.0,0.0,0.0,0.0,0.0,0.0,0.0,0.0,0.0,11718.21,0.0,0.0,0.0,0.0,0.0,0.0,0.0,18749.9,0.0,0.0,0.0,0.0,0.0,0.0,0.0,0.0,0.0,0.0,0.0,0.0,0.0,0.0,39254.81,56783.94,29278.47,48495.82,0.0,12536.14,0.0,0.0,0.0,0.0,0.0,0.0,0.0,0.0,0.0,0.0,0.0,0.0,0.0,0.0,0.0,0.0,0.0,0.0,0.0,0.0,0.0,0.0,0.0,0.0,0.0,0.0,0.0,0.0,0.0,0.0,0.0,0.0,0.0,0.0,0.0,0.0,0.0,0.0,0.0,0.0,0.0,0.0,0.0,0.0,0.0,31650.93,0.0,28630.86,0.0,0.0,0.0,0.0,0.0,0.0,5250.1,282349.18,0.0,0.0,0.0,0.0,0.0,0.0,0.0,0.0,0.0,0.0,0.0,0.0,0.0,0.0,0.0,0.0,4.2,0.0,0.0,0.0,0.0,0.0,0.0,0.0,6.6,0.0,0.0,0.0,0.0,0.0,0.0,0.0,0.0,0.0,0.0,0.0,0.0,0.0,0.0,13.9,20.1,10.4,17.2,0.0,4.4,0.0,0.0,0.0,0.0,0.0,0.0,0.0,0.0,0.0,0.0,0.0,0.0,0.0,0.0,0.0,0.0,0.0,0.0,0.0,0.0,0.0,0.0,0.0,0.0,0.0,0.0,0.0,0.0,0.0,0.0,0.0,0.0,0.0,0.0,0.0,0.0,0.0,0.0,0.0,0.0,0.0,0.0,0.0,0.0,0.0,11.2,0.0,10.1,0.0,0.0,0.0,0.0,0.0,0.0,1.9
2026-04-29,0.0,0.0,0.0,0.0,0.0,0.0,0.0,0.0,0.0,0.0,0.0,0.0,0.0,0.0,0.0,0.0,30468.11,0.0,0.0,0.0,0.0,0.0,0.0,0.0,0.0,0.0,0.0,0.0,0.0,0.0,0.0,0.0,0.0,0.0,0.0,0.0,0.0,0.0,0.0,39254.81,56783.94,60929.4,6963.93,17167.0,0.0,5250.1,0.0,0.0,0.0,0.0,0.0,0.0,0.0,0.0,0.0,0.0,0.0,0.0,0.0,0.0,0.0,0.0,0.0,0.0,0.0,0.0,0.0,0.0,0.0,0.0,0.0,0.0,0.0,0.0,0.0,0.0,0.0,0.0,0.0,0.0,0.0,0.0,0.0,0.0,0.0,0.0,0.0,0.0,0.0,0.0,0.0,41531.89,0.0,0.0,0.0,0.0,0.0,11463.86,12536.14,0.0,282349.18,0.0,0.0,0.0,0.0,0.0,0.0,0.0,0.0,0.0,0.0,0.0,0.0,0.0,0.0,0.0,0.0,10.8,0.0,0.0,0.0,0.0,0.0,0.0,0.0,0.0,0.0,0.0,0.0,0.0,0.0,0.0,0.0,0.0,0.0,0.0,0.0,0.0,0.0,0.0,13.9,20.1,21.6,2.5,6.1,0.0,1.9,0.0,0.0,0.0,0.0,0.0,0.0,0.0,0.0,0.0,0.0,0.0,0.0,0.0,0.0,0.0,0.0,0.0,0.0,0.0,0.0,0.0,0.0,0.0,0.0,0.0,0.0,0.0,0.0,0.0,0.0,0.0,0.0,0.0,0.0,0.0,0.0,0.0,0.0,0.0,0.0,0.0,0.0,0.0,0.0,0.0,14.7,0.0,0.0,0.0,0.0,0.0,4.1,4.4,0.0
2026-04-30,0.0,0.0,0.0,0.0,0.0,0.0,0.0,0.0,0.0,0.0,0.0,0.0,0.0,0.0,0.0,0.0,30468.11,0.0,0.0,0.0,0.0,0.0,0.0,0.0,0.0,0.0,0.0,0.0,0.0,0.0,0.0,0.0,0.0,0.0,0.0,0.0,0.0,0.0,0.0,39254.81,56783.94,60929.4,12214.03,4630.86,12536.14,0.0,0.0,0.0,0.0,0.0,0.0,0.0,0.0,0.0,0.0,0.0,0.0,0.0,0.0,0.0,0.0,0.0,0.0,0.0,0.0,0.0,0.0,0.0,0.0,0.0,0.0,0.0,0.0,0.0,0.0,0.0,0.0,0.0,0.0,0.0,0.0,0.0,0.0,0.0,0.0,0.0,0.0,0.0,0.0,0.0,0.0,36281.79,0.0,0.0,5250.1,0.0,0.0,24000.0,0.0,0.0,282349.18,0.0,0.0,0.0,0.0,0.0,0.0,0.0,0.0,0.0,0.0,0.0,0.0,0.0,0.0,0.0,0.0,10.8,0.0,0.0,0.0,0.0,0.0,0.0,0.0,0.0,0.0,0.0,0.0,0.0,0.0,0.0,0.0,0.0,0.0,0.0,0.0,0.0,0.0,0.0,13.9,20.1,21.6,4.3,1.6,4.4,0.0,0.0,0.0,0.0,0.0,0.0,0.0,0.0,0.0,0.0,0.0,0.0,0.0,0.0,0.0,0.0,0.0,0.0,0.0,0.0,0.0,0.0,0.0,0.0,0.0,0.0,0.0,0.0,0.0,0.0,0.0,0.0,0.0,0.0,0.0,0.0,0.0,0.0,0.0,0.0,0.0,0.0,0.0,0.0,0.0,0.0,12.8,0.0,0.0,1.9,0.0,0.0,8.5,0.0,0.0
